{
  "project_info": {
    "project_number": "291382142551",
    "project_id": "bitacora-28be4",
    "storage_bucket": "bitacora-28be4.firebasestorage.app"
  },
  "client": [
    {
      "client_info": {
        "mobilesdk_app_id": "1:291382142551:android:954a2f0930a5e30399a512",
        "android_client_info": {
          "package_name": "com.gridnote.app.gridnote"
        }
      },
      "oauth_client": [],
      "api_key": [
        {
          "current_key": "AIzaSyB_eNIXKSKoCZAaBGxBskrGpNvI7BcvNTo"
        }
      ],
      "services": {
        "appinvite_service": {
          "other_platform_oauth_client": []
        }
      }
    }
  ],
  "configuration_version": "1"
}