{
  "project_info": {
    "project_number": "291382142551",
    "project_id": "bitacora-28be4",
    "storage_bucket": "bitacora-28be4.firebasestorage.app"
  },
  "client": [
    {
      "client_info": {
        "mobilesdk_app_id": "1:291382142551:android:183ac604fcb9d35e99a512",
        "android_client_info": {
          "package_name": "com.bitacora.app"
        }
      },
      "oauth_client": [
        {
          "client_id": "291382142551-ec2qrn0e1trjhrql687547mvseriipmi.apps.googleusercontent.com",
          "client_type": 3
        }
      ],
      "api_key": [
        {
          "current_key": "AIzaSyB_eNIXKSKoCZAaBGxBskrGpNvI7BcvNTo"
        }
      ],
      "services": {
        "appinvite_service": {
          "other_platform_oauth_client": [
            {
              "client_id": "291382142551-ec2qrn0e1trjhrql687547mvseriipmi.apps.googleusercontent.com",
              "client_type": 3
            }
          ]
        }
      }
    },
    {
      "client_info": {
        "mobilesdk_app_id": "1:291382142551:android:954a2f0930a5e30399a512",
        "android_client_info": {
          "package_name": "com.gridnote.app.gridnote"
        }
      },
      "oauth_client": [
        {
          "client_id": "291382142551-op99i81ulf0c5rk3mbvscpl0vn2ohtpk.apps.googleusercontent.com",
          "client_type": 1,
          "android_info": {
            "package_name": "com.gridnote.app.gridnote",
            "certificate_hash": "7ab44f9eb2f8f1edd3148c937524e2620b6a7f9a"
          }
        },
        {
          "client_id": "291382142551-ec2qrn0e1trjhrql687547mvseriipmi.apps.googleusercontent.com",
          "client_type": 3
        }
      ],
      "api_key": [
        {
          "current_key": "AIzaSyB_eNIXKSKoCZAaBGxBskrGpNvI7BcvNTo"
        }
      ],
      "services": {
        "appinvite_service": {
          "other_platform_oauth_client": [
            {
              "client_id": "291382142551-ec2qrn0e1trjhrql687547mvseriipmi.apps.googleusercontent.com",
              "client_type": 3
            }
          ]
        }
      }
    },
    {
      "client_info": {
        "mobilesdk_app_id": "1:291382142551:android:e17ebeda01a2050299a512",
        "android_client_info": {
          "package_name": "com.gridnote.bitacora"
        }
      },
      "oauth_client": [
        {
          "client_id": "291382142551-l20d1soebkskq5hfdkd1h6pokn9k96f6.apps.googleusercontent.com",
          "client_type": 1,
          "android_info": {
            "package_name": "com.gridnote.bitacora",
            "certificate_hash": "7ab44f9eb2f8f1edd3148c937524e2620b6a7f9a"
          }
        },
        {
          "client_id": "291382142551-ec2qrn0e1trjhrql687547mvseriipmi.apps.googleusercontent.com",
          "client_type": 3
        }
      ],
      "api_key": [
        {
          "current_key": "AIzaSyB_eNIXKSKoCZAaBGxBskrGpNvI7BcvNTo"
        }
      ],
      "services": {
        "appinvite_service": {
          "other_platform_oauth_client": [
            {
              "client_id": "291382142551-ec2qrn0e1trjhrql687547mvseriipmi.apps.googleusercontent.com",
              "client_type": 3
            }
          ]
        }
      }
    }
  ],
  "configuration_version": "1"
}